S.No,Category,Page / Product Name,Live Production URL,Relative Route Path,Page Type,Tagline & Description
1,Personal Loans,Personal Loan,https://fintaraa-frontend-2o45.onrender.com/products/personal-loan,/products/personal-loan,Product Page,Unsecured personal credit for immediate financial needs with instant paperless approval.
2,Personal Loans,Instant Personal Loan,https://fintaraa-frontend-2o45.onrender.com/products/instant-loan,/products/instant-loan,Marketplace Page,Fast digital application with 10-minute automated algorithmic sanction and disbursal.
3,Personal Loans,Education Loan,https://fintaraa-frontend-2o45.onrender.com/products/education-loan,/products/education-loan,Product Page,"Study in India or overseas with 100% tuition coverage, living expenses & zero collateral up to ₹50L."
4,Personal Loans,Renovation Loan,https://fintaraa-frontend-2o45.onrender.com/products/renovation-loan,/products/renovation-loan,Product Page,"Home upgrade financing for modular kitchens, architectural remodeling, and interior design."
5,Personal Loans,Wedding Loan,https://fintaraa-frontend-2o45.onrender.com/products/wedding-loan,/products/wedding-loan,Product Page,"Marriage celebration expenses covering destination venue booking, jewelry, catering & bridal decor."
6,Personal Loans,Marriage Loan (Alias),https://fintaraa-frontend-2o45.onrender.com/products/marriage-loan,/products/marriage-loan,Product Page,Dedicated wedding celebration and event expense financing.
7,Personal Loans,Medical Loan,https://fintaraa-frontend-2o45.onrender.com/products/medical-loan,/products/medical-loan,Product Page,"Healthcare emergency support for surgeries, hospital treatments, dental, IVF & elective procedures."
8,Personal Loans,Healthcare Loan (Alias),https://fintaraa-frontend-2o45.onrender.com/products/healthcare-loan,/products/healthcare-loan,Product Page,Medical treatments and specialized hospital procedure financing.
9,Home & Property,Home Loan,https://fintaraa-frontend-2o45.onrender.com/products/home-loan,/products/home-loan,Product Page,"Housing purchase loan for new apartments, builder floors, ready-to-move-in flats & resale properties."
10,Home & Property,Housing Loan (Alias),https://fintaraa-frontend-2o45.onrender.com/products/housing-loan,/products/housing-loan,Product Page,Competitive residential mortgage financing.
11,Home & Property,Balance Transfer & Top-Up Loan,https://fintaraa-frontend-2o45.onrender.com/products/balance-transfer-top-up-loan,/products/balance-transfer-top-up-loan,Product Page,Lower your EMI by transferring home loan at low rates from 8.35% p.a. + high-value top-up funds.
12,Home & Property,Balance Transfer Loan,https://fintaraa-frontend-2o45.onrender.com/products/balance-transfer-loan,/products/balance-transfer-loan,Product Page,Reduce existing loan burden and switch to prime lenders.
13,Home & Property,Top-Up Loan,https://fintaraa-frontend-2o45.onrender.com/products/top-up-loan,/products/top-up-loan,Product Page,Instant cash credit added directly on existing mortgage sanction.
14,Home & Property,Loan Against Property (LAP),https://fintaraa-frontend-2o45.onrender.com/products/loan-against-property,/products/loan-against-property,Product Page,Unlock liquidity from residential or commercial property up to ₹25 Cr with tenures up to 20 years.
15,Home & Property,LAP (Alias),https://fintaraa-frontend-2o45.onrender.com/products/lap,/products/lap,Product Page,Property equity monetization and overdraft credit line.
16,Home & Property,Construction Loan,https://fintaraa-frontend-2o45.onrender.com/products/construction-loan,/products/construction-loan,Product Page,"Residential self-construction, plot + building composite packages, and floor additions."
17,Home & Property,Commercial Purchases Loan,https://fintaraa-frontend-2o45.onrender.com/products/commercial-purchases-loan,/products/commercial-purchases-loan,Product Page,"Commercial property needs covering office spaces, industrial premises, and retail shops."
18,Business Loans,Business Loan,https://fintaraa-frontend-2o45.onrender.com/products/business-loan,/products/business-loan,Product Page,Commercial growth capital up to ₹75 Lakhs collateral-free with fast 48-hour disbursal.
19,Business Loans,Working Capital Loan,https://fintaraa-frontend-2o45.onrender.com/products/working-capital-loan,/products/working-capital-loan,Product Page,"Day-to-day cash flow management, vendor invoice clearance, and inventory seasonal spikes."
20,Business Loans,OD / Overdraft Loan,https://fintaraa-frontend-2o45.onrender.com/products/od-loan,/products/od-loan,Product Page,Flexible credit limit attached to current account where interest is charged only on utilized funds.
21,Business Loans,DOD Loan (Drop-line Overdraft),https://fintaraa-frontend-2o45.onrender.com/products/dod-loan,/products/dod-loan,Product Page,Structured drop-line overdraft facility with monthly reducing principal limits.
22,Business Loans,Machinery & Equipment Loan,https://fintaraa-frontend-2o45.onrender.com/products/machinery-loan,/products/machinery-loan,Product Page,"Equipment & machinery financing for manufacturing CNC units, automation systems, and heavy tools."
23,Business Loans,Industrial Loan,https://fintaraa-frontend-2o45.onrender.com/products/industrial-loan,/products/industrial-loan,Product Page,"Large-scale industrial expansion, warehouse construction, and manufacturing plant credit."
24,Business Loans,Agriculture & Farm Loan,https://fintaraa-frontend-2o45.onrender.com/products/agriculture-loan,/products/agriculture-loan,Product Page,"Farming infrastructure, tractor financing, solar pump installation, and crop cultivation credit."
25,Vehicle Loans,Car Loan,https://fintaraa-frontend-2o45.onrender.com/products/car-loan,/products/car-loan,Product Page,New car financing with up to 100% on-road funding and concessional interest rates for electric vehicles.
26,Vehicle Loans,Used Car Loan,https://fintaraa-frontend-2o45.onrender.com/products/used-car-loan,/products/used-car-loan,Product Page,Pre-owned car financing with free RC transfer and valuation assistance up to 150% valuation.
27,Vehicle Loans,Two-Wheeler Loan,https://fintaraa-frontend-2o45.onrender.com/products/two-wheeler-loan,/products/two-wheeler-loan,Product Page,"Two-wheeler financing for daily commuter motorcycles, sports bikes, and smart EV scooters."
28,Vehicle Loans,Loan Against Car,https://fintaraa-frontend-2o45.onrender.com/products/loan-against-car,/products/loan-against-car,Product Page,Liquidity against car equity without surrendering physical vehicle usage.
29,Vehicle Loans,Loan Against Car Value,https://fintaraa-frontend-2o45.onrender.com/products/loan-against-car-value,/products/loan-against-car-value,Product Page,Specialized vehicle refinance and equity top-up monetization.
30,Loans Against Assets,Gold Loan,https://fintaraa-frontend-2o45.onrender.com/products/gold-loan,/products/gold-loan,Product Page,Instant doorstep or branch liquidity pledged against 18K–24K gold jewelry at lowest 8.40% p.a. rate.
31,Loans Against Assets,Loan Against Securities (LAS),https://fintaraa-frontend-2o45.onrender.com/products/loan-against-security,/products/loan-against-security,Product Page,"Instant credit line pledged against Demat mutual funds, stocks, and bonds without selling assets."
32,Loans Against Assets,Solar Rooftop Loan,https://fintaraa-frontend-2o45.onrender.com/products/solar-loan,/products/solar-loan,Product Page,Government subsidized rooftop solar installation loans under PM Surya Ghar Muft Bijli Yojana.
33,Credit Cards,Credit Cards Marketplace,https://fintaraa-frontend-2o45.onrender.com/credit-cards,/credit-cards,Marketplace Page,"Compare 50+ credit cards across lifetime-free, cashback, travel, and premium reward programs."
34,Credit Cards,Credit Card (Alias),https://fintaraa-frontend-2o45.onrender.com/credit-card,/credit-card,Marketplace Page,Credit cards directory and instant eligibility check.
35,Credit Cards,Cashback Credit Cards,https://fintaraa-frontend-2o45.onrender.com/credit-cards/cashback,/credit-cards/cashback,Category Hub,"Best credit cards for flat cashbacks on groceries, utility bills, Swiggy, and Amazon shopping."
36,Credit Cards,Fuel Credit Cards,https://fintaraa-frontend-2o45.onrender.com/credit-cards/fuel,/credit-cards/fuel,Category Hub,"Cards offering 1% fuel surcharge waivers and bonus reward points at Indian Oil, HPCL, and BPCL."
37,Credit Cards,Travel Credit Cards,https://fintaraa-frontend-2o45.onrender.com/credit-cards/travel,/credit-cards/travel,Category Hub,"Free airport lounge access, international concierge, low forex markup & complimentary airmiles."
38,Credit Cards,Rewards Credit Cards,https://fintaraa-frontend-2o45.onrender.com/credit-cards/rewards,/credit-cards/rewards,Category Hub,"Accelerated reward points cards for lifestyle, weekend fine dining, luxury retail, and gift vouchers."
39,Insurance,Health Insurance,https://fintaraa-frontend-2o45.onrender.com/products/health-insurance,/products/health-insurance,Insurance Page,"Comprehensive cashless medical cover, critical illness riders, and family floater policies."
40,Insurance,Term Life Insurance,https://fintaraa-frontend-2o45.onrender.com/products/term-insurance,/products/term-insurance,Insurance Page,High-cover affordable term life insurance with whole-life benefits and return-of-premium options.
41,Insurance,Life Insurance,https://fintaraa-frontend-2o45.onrender.com/products/life-insurance,/products/life-insurance,Insurance Page,"Endowment, money-back, and wealth creation life insurance policies with tax savings under 80C."
42,Insurance,Car & Motor Insurance,https://fintaraa-frontend-2o45.onrender.com/products/car-insurance,/products/car-insurance,Insurance Page,Zero-depreciation comprehensive four-wheeler motor insurance with instant cashless claims.
43,Insurance,Two Wheeler Bike Insurance,https://fintaraa-frontend-2o45.onrender.com/products/bike-insurance,/products/bike-insurance,Insurance Page,Instant online bike insurance renewal with third-party and comprehensive accident covers.
44,Insurance,Commercial Vehicle Insurance,https://fintaraa-frontend-2o45.onrender.com/products/vehicle-insurance,/products/vehicle-insurance,Insurance Page,"Fleet and commercial truck, bus, and taxi insurance policies."
45,Insurance,Home & Property Insurance,https://fintaraa-frontend-2o45.onrender.com/products/home-insurance,/products/home-insurance,Insurance Page,"Protection against fire, burglary, natural calamities, and structural damage for homes."
46,Insurance,Commercial Property Insurance,https://fintaraa-frontend-2o45.onrender.com/products/property-insurance,/products/property-insurance,Insurance Page,"Business premises, factory, and commercial warehouse asset protection."
47,Insurance,Shop & Retail Insurance,https://fintaraa-frontend-2o45.onrender.com/products/shop-insurance,/products/shop-insurance,Insurance Page,"Retail shop package cover protecting cash in transit, inventory stock, and burglary."
48,Insurance,Stock & Inventory Insurance,https://fintaraa-frontend-2o45.onrender.com/products/stock-insurance,/products/stock-insurance,Insurance Page,"Coverage against warehouse fire, water damage, spoilage, and transit theft."
49,Insurance,Machinery Breakdown Insurance,https://fintaraa-frontend-2o45.onrender.com/products/machinery-insurance,/products/machinery-insurance,Insurance Page,"Protection against mechanical breakdown, electrical failure, and industrial equipment repair costs."
50,Insurance,Critical Illness Insurance,https://fintaraa-frontend-2o45.onrender.com/products/critical-illness-insurance,/products/critical-illness-insurance,Insurance Page,Lump sum financial benefit on diagnosis of 36+ major critical illnesses.
51,Insurance,Personal Accident Insurance,https://fintaraa-frontend-2o45.onrender.com/products/personal-accident-insurance,/products/personal-accident-insurance,Insurance Page,"Worldwide cover for accidental death, permanent total disability, and income loss."
52,Insurance,Travel Insurance,https://fintaraa-frontend-2o45.onrender.com/products/travel-insurance,/products/travel-insurance,Insurance Page,"International and domestic travel protection for medical emergencies, trip cancellations, and lost baggage."
53,Insurance,Retirement & Pension Plan,https://fintaraa-frontend-2o45.onrender.com/products/retirement-plan,/products/retirement-plan,Insurance Page,Guaranteed annuity pension plans and wealth preservation retirement solutions.
54,Insurance,Group Health & Employee Insurance,https://fintaraa-frontend-2o45.onrender.com/products/group-insurance,/products/group-insurance,Insurance Page,Corporate employee group medical insurance and accidental health schemes.
55,Calculators & Tools,Calculators Hub,https://fintaraa-frontend-2o45.onrender.com/calculators,/calculators,Calculator Hub,"Financial planning tools suite for loan EMIs, interest schedules, and repayment models."
56,Calculators & Tools,Loan EMI Calculator,https://fintaraa-frontend-2o45.onrender.com/calculators/emi-calculator,/calculators/emi-calculator,Tool Page,Real-time monthly installment calculator with amortization breakdown and interest graphs.
57,Calculators & Tools,Home Loan EMI Calculator,https://fintaraa-frontend-2o45.onrender.com/calculators/home-loan-calculator,/calculators/home-loan-calculator,Tool Page,"Calculate home loan installments, tenure savings, and tax deduction under 80C & 24b."
58,Calculators & Tools,Personal Loan Calculator,https://fintaraa-frontend-2o45.onrender.com/calculators/personal-loan-calculator,/calculators/personal-loan-calculator,Tool Page,Compute personal loan installments and repayment timelines.
59,Calculators & Tools,Loan Eligibility Calculator,https://fintaraa-frontend-2o45.onrender.com/calculators/loan-eligibility-calculator,/calculators/loan-eligibility-calculator,Tool Page,Estimate maximum borrowing capacity based on net monthly salary and existing obligations.
60,Calculators & Tools,Financial Tools Hub,https://fintaraa-frontend-2o45.onrender.com/tools,/tools,Tool Hub,"Suite of business valuation, tax, and loan eligibility utilities."
61,Calculators & Tools,Free CIBIL Score Checker,https://fintaraa-frontend-2o45.onrender.com/cibil-score,/cibil-score,Utility Page,Instant free credit score check powered by official credit bureau API without hitting score.
62,Calculators & Tools,Comprehensive CIBIL Report,https://fintaraa-frontend-2o45.onrender.com/cibil-score/report,/cibil-score/report,Utility Page,"Full credit score report analysis, credit factors, dispute assistance, and improvement guide."
63,Corporate & Tax Services,Company Registration,https://fintaraa-frontend-2o45.onrender.com/company-registration,/company-registration,Service Page,"Private Limited, LLP, OPC, and Partnership firm incorporation with MCA & RoC filings."
64,Corporate & Tax Services,GST Registration,https://fintaraa-frontend-2o45.onrender.com/gst-registration,/gst-registration,Service Page,"New GSTIN registration, modification, composition scheme, and monthly GSTR filing support."
65,Corporate & Tax Services,ITR Filing Services,https://fintaraa-frontend-2o45.onrender.com/itr-filing,/itr-filing,Service Page,Expert chartered accountant assisted income tax return e-filing for salaried and business owners.
66,Corporate & Tax Services,MSME / Udyam Registration,https://fintaraa-frontend-2o45.onrender.com/msme-registration,/msme-registration,Service Page,Government MSME Udyam certification for priority bank lending and subsidy schemes.
67,Corporate & Tax Services,ROC Filing & Compliance,https://fintaraa-frontend-2o45.onrender.com/roc-filing,/roc-filing,Service Page,"Annual MCA returns, AOC-4, MGT-7, director KYC, and statutory filings."
68,Corporate & Tax Services,Annual Compliance Package,https://fintaraa-frontend-2o45.onrender.com/annual-compliance,/annual-compliance,Service Page,"End-to-end secretarial, accounting, tax audit, and statutory compliance bundle."
69,Corporate & Tax Services,CMA Data & Project Report,https://fintaraa-frontend-2o45.onrender.com/project-report,/project-report,Service Page,"Bank-ready detailed project reports (DPR), CMA data, and financial projections for bank loans."
70,Corporate & Tax Services,Tax Compliance & Advisory,https://fintaraa-frontend-2o45.onrender.com/tax-compliance,/tax-compliance,Service Page,"Direct and indirect corporate tax optimization, notice assistance, and TDS compliance."
71,Partnership & Growth,Become a DSA Partner,https://fintaraa-frontend-2o45.onrender.com/become-dsa,/become-dsa,Partnership Page,Join India's highest paying Direct Selling Agent network with instant commissions and CRM tools.
72,Partnership & Growth,Franchise Program,https://fintaraa-frontend-2o45.onrender.com/franchise,/franchise,Partnership Page,Start your own Fintaraa financial services franchise office with marketing and branch support.
73,Partnership & Growth,Partner Portal,https://fintaraa-frontend-2o45.onrender.com/partner,/partner,Portal Page,"Channel partner registration, lead tracking, payout calculation, and training modules."
74,Partnership & Growth,Partner Login,https://fintaraa-frontend-2o45.onrender.com/partner/login,/partner/login,Portal Page,Secure CRM dashboard access for registered Fintaraa DSA channel partners.
75,Partnership & Growth,Refer and Earn Program,https://fintaraa-frontend-2o45.onrender.com/refer-and-earn,/refer-and-earn,Reward Program,Refer friends and colleagues for loans or credit cards and earn cash rewards.
76,Partnership & Growth,All Lending Partners,https://fintaraa-frontend-2o45.onrender.com/partners/all,/partners/all,Directory Page,Complete directory of 40+ empaneled banking and NBFC institutional partners.
77,Partnership & Growth,Partners By Product,https://fintaraa-frontend-2o45.onrender.com/partners-by-product,/partners-by-product,Directory Page,"Interactive partner directory categorized by loan, credit card, and insurance product verticals."
78,Partnership & Growth,Bank Partners Overview,https://fintaraa-frontend-2o45.onrender.com/banks,/banks,Directory Page,"Comprehensive directory of bank profiles, interest rate cards, and city branches."
79,Company & Resources,About Fintaraa,https://fintaraa-frontend-2o45.onrender.com/about-us,/about-us,Corporate Page,"Learn about Fintaraa's mission, leadership team, vision, and fintech growth story."
80,Company & Resources,Contact Us,https://fintaraa-frontend-2o45.onrender.com/contact-us,/contact-us,Support Page,"Customer care helpline, email support, corporate office addresses, and grievance desk."
81,Company & Resources,Customer Support Hub,https://fintaraa-frontend-2o45.onrender.com/support,/support,Support Page,"Self-service support desk, FAQs, complaint tickets, and loan officer callback requests."
82,Company & Resources,Track Application Status,https://fintaraa-frontend-2o45.onrender.com/application-status,/application-status,Utility Page,Real-time loan and credit card application tracker using mobile OTP or reference ID.
83,Company & Resources,Knowledge Hub,https://fintaraa-frontend-2o45.onrender.com/knowledge-hub,/knowledge-hub,Content Hub,"Financial education guides, borrowing handbooks, RBI regulatory updates, and glossary."
84,Company & Resources,Financial Blog,https://fintaraa-frontend-2o45.onrender.com/blog,/blog,Content Hub,"Articles, market analysis, interest rate forecasts, and personal finance tips."
85,Company & Resources,All Blog Articles,https://fintaraa-frontend-2o45.onrender.com/blog/all,/blog/all,Content Hub,Comprehensive library of all published financial and loan advisory blogs.
86,Company & Resources,Exclusive Offers & Deals,https://fintaraa-frontend-2o45.onrender.com/offers,/offers,Deals Page,"Curated zero processing fee offers, cashback bonuses, and special interest discounts."
87,Company & Resources,Careers at Fintaraa,https://fintaraa-frontend-2o45.onrender.com/careers,/careers,Corporate Page,"Explore open job positions across engineering, credit underwriting, sales, and operations."
88,Company & Resources,Frequently Asked Questions (FAQs),https://fintaraa-frontend-2o45.onrender.com/faqs,/faqs,Support Page,"Answers to common borrower queries on documentation, CIBIL, interest rates, and disbursals."
89,Company & Resources,Customer Feedback & Reviews,https://fintaraa-frontend-2o45.onrender.com/feedback,/feedback,Support Page,Share your borrowing experience and suggest platform improvements.
90,Company & Resources,Customer Testimonials,https://fintaraa-frontend-2o45.onrender.com/testimonials,/testimonials,Trust Page,"Verified stories and reviews from 100,000+ satisfied borrowers across India."
91,Company & Resources,Video Testimonials,https://fintaraa-frontend-2o45.onrender.com/video-testimonials,/video-testimonials,Trust Page,Watch customer video success stories and entrepreneur loan case studies.
92,Company & Resources,Awards and Recognitions,https://fintaraa-frontend-2o45.onrender.com/awards-and-recognitions,/awards-and-recognitions,Trust Page,"Industry fintech awards, excellence recognitions, and media honors awarded to Fintaraa."
93,Company & Resources,Press & Media Coverage,https://fintaraa-frontend-2o45.onrender.com/press,/press,Media Page,"Fintaraa in top financial news publications, media coverage, and leader interviews."
94,Company & Resources,Press Releases,https://fintaraa-frontend-2o45.onrender.com/press-release,/press-release,Media Page,"Official company press announcements, funding milestones, and partnership releases."
95,Company & Resources,Privacy Policy,https://fintaraa-frontend-2o45.onrender.com/privacy-policy,/privacy-policy,Legal Page,"Data security protocols, encryption standards, and customer information privacy commitment."
96,Company & Resources,Terms and Conditions,https://fintaraa-frontend-2o45.onrender.com/terms-and-conditions,/terms-and-conditions,Legal Page,"Terms of platform use, loan marketplace terms, and user agreements."
97,Company & Resources,Grievance Redressal,https://fintaraa-frontend-2o45.onrender.com/grievance,/grievance,Legal Page,RBI compliant grievance redressal cell and designated grievance officer contact details.
98,Company & Resources,Loan Disclosure & Fair Practices,https://fintaraa-frontend-2o45.onrender.com/loan-disclosure,/loan-disclosure,Legal Page,"Statutory APR rate band disclosures, repayment tenures, and partner lending charters."
99,Company & Resources,Delete Account & Data Rights,https://fintaraa-frontend-2o45.onrender.com/delete-account,/delete-account,Legal Page,User data deletion and GDPR/DPDP compliant right to be forgotten request portal.
