"S.No","Category","Page Name","Live Page URL","Relative Route","Page Type","Status","Description"
"1","Core Pages","Home Page","https://fintaraa-frontend-2o45.onrender.com/","/","Landing Page","Active / Optimized","India's smartest loan and financial marketplace with instant eligibility, calculators, bank comparison, and real-time application tracking."
"2","Core Pages","Products Marketplace","https://fintaraa-frontend-2o45.onrender.com/products","/products","Marketplace","Active","Comprehensive directory of all loan, insurance, credit card, and corporate compliance services."
"3","Core Pages","Bank Partners Directory","https://fintaraa-frontend-2o45.onrender.com/banks","/banks","Directory","Active","Explore 35+ RBI regulated bank partners, NBFCs, and their retail credit portfolios."
"4","Core Pages","Partners All","https://fintaraa-frontend-2o45.onrender.com/partners/all","/partners/all","Directory","Active","Comprehensive directory of all banking, NBFC, and financial institutional partners."
"5","Core Pages","Partners by Product","https://fintaraa-frontend-2o45.onrender.com/partners-by-product","/partners-by-product","Directory","Active","Filtered banking and lending partners indexed by specific product categories."
"6","Core Pages","Calculators Hub","https://fintaraa-frontend-2o45.onrender.com/calculators","/calculators","Tool Hub","Active","Suite of advanced financial calculation tools including EMI, loan eligibility, and affordability estimators."
"7","Core Pages","CIBIL Credit Score Check","https://fintaraa-frontend-2o45.onrender.com/cibil-score","/cibil-score","Service Page","Active","Free RBI-authorized credit bureau score check with detailed health report and improvement tips."
"8","Core Pages","CIBIL Score Report","https://fintaraa-frontend-2o45.onrender.com/cibil-score/report","/cibil-score/report","Report Page","Active","Detailed analysis of credit accounts, repayment history, credit utilization ratio, and score factors."
"9","Core Pages","Offers & Deals Hub","https://fintaraa-frontend-2o45.onrender.com/offers","/offers","Deals Hub","Active","Exclusive cashback, zero-processing fee deals, and limited-period credit offers."
"10","Core Pages","Knowledge Hub & Learning","https://fintaraa-frontend-2o45.onrender.com/knowledge-hub","/knowledge-hub","Knowledge Hub","Active","Educational articles, borrow guides, credit advice, and regulatory financial disclosures."
"11","Core Pages","Blog Main Directory","https://fintaraa-frontend-2o45.onrender.com/blog","/blog","Blog Hub","Active","Latest financial news, banking rate updates, RBI repo rate changes, and borrowing insights."
"12","Core Pages","All Blog Articles","https://fintaraa-frontend-2o45.onrender.com/blog/all","/blog/all","Blog Directory","Active","Searchable archive of all published articles and borrowing guides."
"13","Loan Products","Personal Loan","https://fintaraa-frontend-2o45.onrender.com/products/personal-loan","/products/personal-loan","Product Page","Active / Revamped","Instant paperless personal loans up to ₹50 Lakhs with 100% digital KYC and fast disbursal."
"14","Loan Products","Instant Loan","https://fintaraa-frontend-2o45.onrender.com/products/instant-loan","/products/instant-loan","Product Page","Active / Revamped","Emergency 5-minute personal credit line with instant Aadhaar verification and same-day bank payout."
"15","Loan Products","Home Loan","https://fintaraa-frontend-2o45.onrender.com/products/home-loan","/products/home-loan","Product Page","Active / Revamped","Prime home financing starting at 8.35% p.a. for ready-to-move flats, resale apartments, and villas."
"16","Loan Products","Housing Loan (Alias)","https://fintaraa-frontend-2o45.onrender.com/products/housing-loan","/products/housing-loan","Product Page","Active / Revamped","Dedicated residential housing finance with subsidized rates and extended 30-year tenures."
"17","Loan Products","Loan Against Property (LAP)","https://fintaraa-frontend-2o45.onrender.com/products/loan-against-property","/products/loan-against-property","Product Page","Active / Revamped","High-ticket secured mortgage financing up to ₹25 Crores (75% LTV) against residential/commercial property."
"18","Loan Products","LAP (Alias)","https://fintaraa-frontend-2o45.onrender.com/products/lap","/products/lap","Product Page","Active / Revamped","Direct alias for Loan Against Property mortgage financing."
"19","Loan Products","Balance Transfer + Top-Up Loan","https://fintaraa-frontend-2o45.onrender.com/products/balance-transfer-top-up-loan","/products/balance-transfer-top-up-loan","Product Page","Active / Revamped","Refinance existing high-interest home and mortgage loans to prime 8.35% rates + unlock top-up cash."
"20","Loan Products","Balance Transfer Loan (Alias)","https://fintaraa-frontend-2o45.onrender.com/products/balance-transfer-loan","/products/balance-transfer-loan","Product Page","Active / Revamped","Debt refinancing program for residential and commercial mortgages."
"21","Loan Products","Top-Up Loan","https://fintaraa-frontend-2o45.onrender.com/products/top-up-loan","/products/top-up-loan","Product Page","Active / Revamped","Additional liquidity on existing home loans at base secured mortgage rates."
"22","Loan Products","Construction Loan","https://fintaraa-frontend-2o45.onrender.com/products/construction-loan","/products/construction-loan","Product Page","Active / Revamped","Finance self-plot home construction, floor extensions, or commercial buildings with stage-wise tranche releases."
"23","Loan Products","Education Loan","https://fintaraa-frontend-2o45.onrender.com/products/education-loan","/products/education-loan","Product Page","Active / Revamped","Domestic and international study loans covering 100% tuition, living expenses, and travel without collateral."
"24","Loan Products","Wedding Loan","https://fintaraa-frontend-2o45.onrender.com/products/wedding-loan","/products/wedding-loan","Product Page","Active / Revamped","Custom wedding finance for venue bookings, bridal jewelry, catering, and destination celebrations."
"25","Loan Products","Marriage Loan (Alias)","https://fintaraa-frontend-2o45.onrender.com/products/marriage-loan","/products/marriage-loan","Product Page","Active / Revamped","Specialized marriage expense personal loan with flexible EMIs."
"26","Loan Products","Home Renovation Loan","https://fintaraa-frontend-2o45.onrender.com/products/renovation-loan","/products/renovation-loan","Product Page","Active / Revamped","Finance home remodeling, interior design, modular kitchens, painting, and structural extensions."
"27","Loan Products","Medical & Healthcare Loan","https://fintaraa-frontend-2o45.onrender.com/products/medical-loan","/products/medical-loan","Product Page","Active / Revamped","Emergency medical financing for surgeries, hospitalizations, elective treatments, and specialized care."
"28","Loan Products","Healthcare Loan (Alias)","https://fintaraa-frontend-2o45.onrender.com/products/healthcare-loan","/products/healthcare-loan","Product Page","Active / Revamped","Zero-advance medical emergency finance with rapid hospital approval."
"29","Loan Products","Business Loan","https://fintaraa-frontend-2o45.onrender.com/products/business-loan","/products/business-loan","Product Page","Active","Unsecured business expansion credit up to ₹1 Crore for MSMEs, traders, and manufacturing units."
"30","Loan Products","Working Capital Loan","https://fintaraa-frontend-2o45.onrender.com/products/working-capital-loan","/products/working-capital-loan","Product Page","Active","Short-term liquidity to manage operational expenses, vendor payouts, and seasonal cashflow cycles."
"31","Loan Products","Overdraft Loan (OD)","https://fintaraa-frontend-2o45.onrender.com/products/od-loan","/products/od-loan","Product Page","Active","Revolving drop-line overdraft facility linked to business current account with interest on utilized amount."
"32","Loan Products","DOD Loan (Drop-line Overdraft)","https://fintaraa-frontend-2o45.onrender.com/products/dod-loan","/products/dod-loan","Product Page","Active","Structured drop-line overdraft facility for expanding commercial enterprises."
"33","Loan Products","Machinery & Equipment Loan","https://fintaraa-frontend-2o45.onrender.com/products/machinery-loan","/products/machinery-loan","Product Page","Active","Finance industrial machinery, automation tools, and commercial manufacturing equipment."
"34","Loan Products","Industrial Loan","https://fintaraa-frontend-2o45.onrender.com/products/industrial-loan","/products/industrial-loan","Product Page","Active","Large-scale industrial plant, factory shed, and infrastructure project credit."
"35","Loan Products","Commercial Purchases Loan","https://fintaraa-frontend-2o45.onrender.com/products/commercial-purchases-loan","/products/commercial-purchases-loan","Product Page","Active","Financing for acquiring commercial properties, office spaces, and retail complexes."
"36","Loan Products","Solar Financing Loan","https://fintaraa-frontend-2o45.onrender.com/products/solar-loan","/products/solar-loan","Product Page","Active","Government subsidized rooftop solar and commercial photovoltaic installation loans."
"37","Loan Products","Agriculture & Farm Loan","https://fintaraa-frontend-2o45.onrender.com/products/agriculture-loan","/products/agriculture-loan","Product Page","Active","Agricultural credit, tractor loans, solar pump financing, and farm mechanization support."
"38","Loan Products","Gold Loan","https://fintaraa-frontend-2o45.onrender.com/products/gold-loan","/products/gold-loan","Product Page","Active","Instant doorstep or branch liquidity pledged against gold jewelry at lowest interest rates."
"39","Loan Products","Loan Against Securities (LAS)","https://fintaraa-frontend-2o45.onrender.com/products/loan-against-security","/products/loan-against-security","Product Page","Active","Instant credit line pledged against mutual funds, stocks, and insurance bonds without liquidation."
"40","Loan Products","New Car Loan","https://fintaraa-frontend-2o45.onrender.com/products/car-loan","/products/car-loan","Product Page","Active","Up to 100% on-road financing for new four-wheelers and electric vehicles (EVs)."
"41","Loan Products","Used Car Loan","https://fintaraa-frontend-2o45.onrender.com/products/used-car-loan","/products/used-car-loan","Product Page","Active","Pre-owned car financing with free RC transfer and valuation assistance."
"42","Loan Products","Two Wheeler Loan","https://fintaraa-frontend-2o45.onrender.com/products/two-wheeler-loan","/products/two-wheeler-loan","Product Page","Active","Affordable two-wheeler and e-bike loans with minimal down payment."
"43","Loan Products","Loan Against Car","https://fintaraa-frontend-2o45.onrender.com/products/loan-against-car","/products/loan-against-car","Product Page","Active","Refinance your existing car to unlock quick liquidity up to 150% of vehicle market value."
"44","Loan Products","Loan Against Car Value","https://fintaraa-frontend-2o45.onrender.com/products/loan-against-car-value","/products/loan-against-car-value","Product Page","Active","Specialized vehicle equity monetization loan."
"45","Credit Cards","Credit Cards Marketplace","https://fintaraa-frontend-2o45.onrender.com/credit-cards","/credit-cards","Marketplace","Active","Compare 50+ credit cards across lifetime-free, cashback, travel, and reward programs."
"46","Credit Cards","Credit Card (Alias)","https://fintaraa-frontend-2o45.onrender.com/credit-card","/credit-card","Marketplace","Active","Credit cards directory and eligibility wizard."
"47","Credit Cards","Cashback Credit Cards","https://fintaraa-frontend-2o45.onrender.com/credit-cards/cashback","/credit-cards/cashback","Category Hub","Active","Best credit cards for flat cashbacks on groceries, utility bills, and online shopping."
"48","Credit Cards","Fuel Credit Cards","https://fintaraa-frontend-2o45.onrender.com/credit-cards/fuel","/credit-cards/fuel","Category Hub","Active","Cards offering fuel surcharge waivers and reward points at Indian Oil, HPCL, and BPCL."
"49","Credit Cards","Travel Credit Cards","https://fintaraa-frontend-2o45.onrender.com/credit-cards/travel","/credit-cards/travel","Category Hub","Active","Airport lounge access cards, airline airmiles rewards, and low foreign currency markup cards."
"50","Credit Cards","Rewards Credit Cards","https://fintaraa-frontend-2o45.onrender.com/credit-cards/rewards","/credit-cards/rewards","Category Hub","Active","Accelerated reward points cards for lifestyle, dining, and weekend spends."
"51","Insurance","Health Insurance","https://fintaraa-frontend-2o45.onrender.com/products/health-insurance","/products/health-insurance","Insurance Page","Active","Comprehensive cashless health cover, critical illness rider, and family floater policies."
"52","Insurance","Term Life Insurance","https://fintaraa-frontend-2o45.onrender.com/products/term-insurance","/products/term-insurance","Insurance Page","Active","High-cover term life insurance with whole-life benefits and critical illness payout."
"53","Insurance","Life Insurance","https://fintaraa-frontend-2o45.onrender.com/products/life-insurance","/products/life-insurance","Insurance Page","Active","Endowment, money-back, and wealth creation life insurance policies."
"54","Insurance","Car & Motor Insurance","https://fintaraa-frontend-2o45.onrender.com/products/car-insurance","/products/car-insurance","Insurance Page","Active","Zero-depreciation comprehensive four-wheeler motor insurance with instant claim assistance."
"55","Insurance","Two Wheeler Bike Insurance","https://fintaraa-frontend-2o45.onrender.com/products/bike-insurance","/products/bike-insurance","Insurance Page","Active","Instant online bike insurance renewal with third-party and comprehensive covers."
"56","Insurance","Commercial Vehicle Insurance","https://fintaraa-frontend-2o45.onrender.com/products/vehicle-insurance","/products/vehicle-insurance","Insurance Page","Active","Fleet and commercial truck, bus, and taxi insurance policies."
"57","Insurance","Home & Property Insurance","https://fintaraa-frontend-2o45.onrender.com/products/home-insurance","/products/home-insurance","Insurance Page","Active","Protection against fire, burglary, natural calamities, and structural damage for homes."
"58","Insurance","Commercial Property Insurance","https://fintaraa-frontend-2o45.onrender.com/products/property-insurance","/products/property-insurance","Insurance Page","Active","Business premises, factory, and commercial warehouse asset protection."
"59","Insurance","Shop & Retail Insurance","https://fintaraa-frontend-2o45.onrender.com/products/shop-insurance","/products/shop-insurance","Insurance Page","Active","Retail shop package cover protecting cash in transit, stock, and burglary."
"60","Insurance","Stock & Inventory Insurance","https://fintaraa-frontend-2o45.onrender.com/products/stock-insurance","/products/stock-insurance","Insurance Page","Active","Coverage against warehouse fire, water damage, spoilage, and transit theft."
"61","Insurance","Machinery Breakdown Insurance","https://fintaraa-frontend-2o45.onrender.com/products/machinery-insurance","/products/machinery-insurance","Insurance Page","Active","Protection against mechanical breakdown, electrical failure, and repair costs."
"62","Insurance","Critical Illness Insurance","https://fintaraa-frontend-2o45.onrender.com/products/critical-illness-insurance","/products/critical-illness-insurance","Insurance Page","Active","Lump sum financial benefit on diagnosis of 36+ major critical conditions."
"63","Insurance","Personal Accident Insurance","https://fintaraa-frontend-2o45.onrender.com/products/personal-accident-insurance","/products/personal-accident-insurance","Insurance Page","Active","Worldwide cover for accidental death, permanent total disability, and income loss."
"64","Insurance","Travel Insurance","https://fintaraa-frontend-2o45.onrender.com/products/travel-insurance","/products/travel-insurance","Insurance Page","Active","International travel cover for medical emergencies, flight delays, and lost baggage."
"65","Insurance","Retirement & Pension Plan","https://fintaraa-frontend-2o45.onrender.com/products/retirement-plan","/products/retirement-plan","Insurance Page","Active","Guaranteed lifetime annuity plans and tax-exempt retirement corpus builders."
"66","Insurance","Group Corporate Insurance","https://fintaraa-frontend-2o45.onrender.com/products/group-insurance","/products/group-insurance","Insurance Page","Active","Custom employee group health insurance (GMC) and group term life (GTL) covers."
"67","Calculators","EMI Calculator (Master)","https://fintaraa-frontend-2o45.onrender.com/calculators/emi-calculator","/calculators/emi-calculator","Interactive Tool","Active","Universal loan EMI calculation tool with interactive amortization table and pie-chart visualizer."
"68","Calculators","Home Loan EMI Calculator","https://fintaraa-frontend-2o45.onrender.com/calculators/home-loan-calculator","/calculators/home-loan-calculator","Interactive Tool","Active","Calculate monthly home loan EMIs, total interest outgo, and principal repayment schedules."
"69","Calculators","Personal Loan EMI Calculator","https://fintaraa-frontend-2o45.onrender.com/calculators/personal-loan-calculator","/calculators/personal-loan-calculator","Interactive Tool","Active","Determine instant personal loan EMIs across varying interest rates and repayment tenures."
"70","Calculators","Loan Eligibility Calculator","https://fintaraa-frontend-2o45.onrender.com/calculators/loan-eligibility-calculator","/calculators/loan-eligibility-calculator","Interactive Tool","Active","Assess maximum borrowing power based on monthly income, existing EMIs, and FOIR ratio."
"71","Calculators","Financial Tools Hub","https://fintaraa-frontend-2o45.onrender.com/tools","/tools","Tool Hub","Active","Quick directory of financial assessment tools, interest comparators, and calculators."
"72","Business Services","Company Registration","https://fintaraa-frontend-2o45.onrender.com/company-registration","/company-registration","Service Page","Active","Online Private Limited (Pvt Ltd), LLP, One Person Company (OPC), and Partnership firm registration."
"73","Business Services","GST Registration & Return Filing","https://fintaraa-frontend-2o45.onrender.com/gst-registration","/gst-registration","Service Page","Active","Fast-track GSTIN allocation, monthly GSTR-1 & 3B return filing, and input tax credit (ITC) reconciliation."
"74","Business Services","ITR Filing (Income Tax Return)","https://fintaraa-frontend-2o45.onrender.com/itr-filing","/itr-filing","Service Page","Active","CA-assisted e-filing of ITR-1 to ITR-7 for salaried individuals, professionals, and corporate businesses."
"75","Business Services","MSME / Udyam Registration","https://fintaraa-frontend-2o45.onrender.com/msme-registration","/msme-registration","Service Page","Active","Official government Udyam MSME certification to unlock subsidized loan interest rates and subsidies."
"76","Business Services","ROC Filing & MCA Compliance","https://fintaraa-frontend-2o45.onrender.com/roc-filing","/roc-filing","Service Page","Active","Annual ROC filings (AOC-4, MGT-7), Director KYC (DIR-3), and statutory corporate compliance management."
"77","Business Services","Annual Compliance Package","https://fintaraa-frontend-2o45.onrender.com/annual-compliance","/annual-compliance","Service Page","Active","Comprehensive annual compliance package for private limited companies and startups."
"78","Business Services","Project Report for Bank Loan","https://fintaraa-frontend-2o45.onrender.com/project-report","/project-report","Service Page","Active","CMA data preparation and detailed project reports (DPR) certified for bank term loan approvals."
"79","Business Services","Tax Compliance Hub","https://fintaraa-frontend-2o45.onrender.com/tax-compliance","/tax-compliance","Service Page","Active","End-to-end corporate direct and indirect taxation services, TDS filing, and tax advisory."
"80","Partner Ecosystem","Become a DSA Partner","https://fintaraa-frontend-2o45.onrender.com/become-dsa","/become-dsa","Partner Page","Active","Join Fintaraa as a certified Direct Selling Agent (DSA) partner and earn industry-best loan payout commissions."
"81","Partner Ecosystem","Franchise Opportunity","https://fintaraa-frontend-2o45.onrender.com/franchise","/franchise","Partner Page","Active","Own and operate a Fintaraa retail financial franchise in your city with tech stack and brand support."
"82","Partner Ecosystem","Partner Network Info","https://fintaraa-frontend-2o45.onrender.com/partner","/partner","Partner Page","Active","Information about the Fintaraa institutional and distribution partner network."
"83","Partner Ecosystem","Partner Login","https://fintaraa-frontend-2o45.onrender.com/partner/login","/partner/login","Auth / Portal","Active","Secure DSA portal for tracking lead status, commission disbursements, and partner CRM."
"84","Partner Ecosystem","Refer & Earn Program","https://fintaraa-frontend-2o45.onrender.com/refer-and-earn","/refer-and-earn","Reward Program","Active","Refer friends and family for loans or cards and earn cash rewards upon successful disbursal."
"85","Company & Support","About Fintaraa","https://fintaraa-frontend-2o45.onrender.com/about-us","/about-us","Company Page","Active","About Fintaraa mission, executive leadership, technological vision, and pan-India financial presence."
"86","Company & Support","Contact & Support Desk","https://fintaraa-frontend-2o45.onrender.com/contact-us","/contact-us","Support","Active","Customer care hotline, WhatsApp support, office headquarters location, and branch contacts."
"87","Company & Support","Support Hub","https://fintaraa-frontend-2o45.onrender.com/support","/support","Support","Active","Helpdesk ticketing, query resolution, and live customer assistance."
"88","Company & Support","Application Status Tracker","https://fintaraa-frontend-2o45.onrender.com/application-status","/application-status","User Tool","Active","Track real-time sanction status and disbursal milestone of your submitted loan application."
"89","Company & Support","Careers at Fintaraa","https://fintaraa-frontend-2o45.onrender.com/careers","/careers","Company Page","Active","Explore career openings in fintech engineering, financial advisory, and risk management."
"90","Company & Support","FAQs Center","https://fintaraa-frontend-2o45.onrender.com/faqs","/faqs","Help Center","Active","Comprehensive answers to common borrowing, credit score, interest rate, and security questions."
"91","Company & Support","Customer Feedback","https://fintaraa-frontend-2o45.onrender.com/feedback","/feedback","Feedback","Active","Share your feedback, reviews, and suggestions to help us improve your financial experience."
"92","Company & Support","Customer Testimonials","https://fintaraa-frontend-2o45.onrender.com/testimonials","/testimonials","Social Proof","Active","Real borrower stories, reviews, and experiences from individuals and business owners across India."
"93","Company & Support","Video Testimonials","https://fintaraa-frontend-2o45.onrender.com/video-testimonials","/video-testimonials","Social Proof","Active","Video interviews with successful entrepreneurs and homeowners financed through Fintaraa."
"94","Company & Support","Awards & Recognitions","https://fintaraa-frontend-2o45.onrender.com/awards-and-recognitions","/awards-and-recognitions","Company Page","Active","Industry awards, fintech accolades, and regulatory excellence recognitions."
"95","Company & Support","Press & Media","https://fintaraa-frontend-2o45.onrender.com/press","/press","Media Page","Active","Media features, press mentions, and fintech thought leadership coverage."
"96","Company & Support","Press Releases","https://fintaraa-frontend-2o45.onrender.com/press-release","/press-release","Media Page","Active","Official corporate announcements, product launches, and company milestones."
"97","Legal & Compliance","Privacy Policy","https://fintaraa-frontend-2o45.onrender.com/privacy-policy","/privacy-policy","Legal","Active","Data protection policies, encryption standards, and user privacy guarantees."
"98","Legal & Compliance","Terms & Conditions","https://fintaraa-frontend-2o45.onrender.com/terms-and-conditions","/terms-and-conditions","Legal","Active","User agreement, platform terms of service, and digital loan facilitation guidelines."
"99","Legal & Compliance","Grievance Redressal","https://fintaraa-frontend-2o45.onrender.com/grievance","/grievance","Legal","Active","Nodal grievance officer contact, dispute escalation matrix, and regulatory complaints protocol."
"100","Legal & Compliance","Loan & Statutory Disclosure","https://fintaraa-frontend-2o45.onrender.com/loan-disclosure","/loan-disclosure","Legal","Active","Mandatory RBI digital lending guidelines disclosure, APR calculations, and partner lender roster."
"101","Legal & Compliance","Delete Account Policy","https://fintaraa-frontend-2o45.onrender.com/delete-account","/delete-account","Legal","Active","User profile and data deletion request process complying with data privacy laws."